ヘアーサロン　スリーク,sleek-1130@citrus.ocn.ne.jp,201210,埼玉県,３×３ＪＵＫＥ高田,,,
明洞,myondon@mx61.tiki.ne.jp,201306,岡山,ｲﾝﾃｨ山本,１年のみ,,
流星群 今田　範之,ryuseigun@leto.eonet.ne.jp,201310,京都,ｲﾝﾃｨ東,,,
襯泪鵐献紂Ε汽 猪原　正也,cake@m-sasa.com,201401,高知,ｼﾞｪｲﾜﾝ堀内,,,
ヒーリングサロン　アロマティコ★,aromatico@ray.ocn.ne.jp,201402,鳥取,３×３ＪＵＫＥ高田,,,
株式会社Ｈ＆Ｙ　ゆず家,df_yuzu@yahoo.co.jp,201402,京都,ｲﾝﾃｨ平田,,,
Ａｂｂｅｓｓｅｓ,fronsac1975@movie.ocn.ne.jp,201402,京都,ｲﾝﾃｨ平田,,,
有限会社むらかわ製作所　（店名　きて家）,tekkomura@yahoo.co.jp,201402,大阪,ｲﾝﾃｨ平田,,,
株式会社　エムズ,emuzuco@topaz.plala.or.jp,201403,広島,ｲﾝﾃｨ平田,,,
アトリエ・クーズ,kamunapoint7yasakanari@yahoo.co.jp,201403,兵庫,ｼﾞｪｲﾜﾝ堀内,,,
Relax　Time,relaxtime@navy.plala.or.jp,201403,兵庫,ｼﾞｪｲﾜﾝ堀内,,,
ビューティーサポートセラピア,serapir@kfa.biglobe.ne.jp,201403,兵庫,ｼﾞｪｲﾜﾝ堀内,,,
ビューティサロン　ジョイ,tama_rin_ren@yahoo.co.jp,201403,兵庫,ｼﾞｪｲﾜﾝ堀内,,,
株式会社　飛天,hiten@m3.kcn.ne.jp,201404,奈良,ｲﾝﾃｨ東,,,
明神商事有限会社,myoujin@axel.ocn.ne.jp,201405,広島,ｲﾝﾃｨ平田,,,
忠兵衛 南田 毅 社長,dining-culture@rb4.so-net.ne.jp,201406,岡山,ｲﾝﾃｨ山本,,,
エステ　テレサ,emiri@arrow.ocn.ne.jp,201406,広島,ｼﾞｪｲﾜﾝ平田,,,
ヘアーサロン　マツナガ,tm-mind@maia.eonet.ne.jp,201406,京都,ｼﾞｪｲﾜﾝ堀内,,,
hair’s　BONHEUR,fukazawa99@yahoo.co.jp,201406,岡山,ｼﾞｪｲﾜﾝ堀内,,,
ＩＳＡ 北野白梅町店,hakubaicho@hairmake-isa.jp,201406,京都,ｼﾞｪｲﾜﾝ堀内,,,
まつげ専門店ＳＯＮＩＡ,honten@sonia-salon.com,201406,広島,ｼﾞｪｲﾜﾝ平田,,,
バル−ル　コ−ポレ−ション有限会社　国広　直之,kunihiro@s6.dion.ne.jp,201406,,,,,
ISA 京都駅前店,kyoto@hairmake-isa.jp,201406,京都,ｼﾞｪｲﾜﾝ堀内,,,
Penser　Puls La　Pousse,la-pousse@rhythm.ocn.ne.jp,201406,京都,ｼﾞｪｲﾜﾝ堀内,,,
Ｂｅｅ Ｇｒａｃｅ,matsuoka@beegrace.com,201406,広島,ｼﾞｪｲﾜﾝ平田,,,
ISA 伏見桃山店,momoyama@hairmake-isa.jp,201406,京都,ｼﾞｪｲﾜﾝ堀内,,,
Penser Puls hair&amp;make orge f.,orgef@angel.ocn.ne.jp,201406,京都,ｼﾞｪｲﾜﾝ堀内,,,
襯茱ナル,palokazaki@yahoo.co.jp,201406,愛知,ｼﾞｪｲﾜﾝ堀内,,,
リラクゼーションサロン　ＡＱＵＡ ＴＩＭＥ,rikaka1008@yahoo.co.jp,201406,京都,ｼﾞｪｲﾜﾝ平田,,,
株式会社コーチプレシャス（Hair　Toto’-ｌａ）,rse11746@nifty.com,201406,岡山,ｼﾞｪｲﾜﾝ堀内,,,
Ｓｎｏｗ　Ｄｒｏｐ,snowdrop@opal.ocn.ne.jp,201406,岡山,ｼﾞｪｲﾜﾝ堀内,,,
YOSAPARK　Bonny,yosapark_bonny@yahoo.co.jp,201406,愛知,ｼﾞｪｲﾜﾝ堀内,,,
ｙ’sヘア−,y-s.hair@blue.ocn.ne.jp,201406,広島,ｼﾞｪｲﾜﾝ平田,,,
OZ　URBAN RESORT　蝪庁稗擅釘劭稗,ozurbanresort.hair@gmail.com,201407,愛知,ｼﾞｪｲﾜﾝ堀内,,,
資生堂RAY　DIZERIO,ray-i@reielegance.com,201407,愛知,ｼﾞｪｲﾜﾝ堀内,,,
Ｒａｐｔｕｒｅ,rapture2@katch.ne.jp,201407,愛知,ｼﾞｪｲﾜﾝ堀内,,,
ポレンタ,eijiishikawa210@hotmail.co.jp,201408,京都,ｲﾝﾃｨ梁井,,,
レンガ屋,rengaya@hotmail.co.jp,201409,鳥取,ｲﾝﾃｨ山本,,,
八洲(やしま）,yashima_suzu@yahoo.co.jp,201409,東京,ｲﾝﾃｨ東,,,
ハマ美容室,inoue.itoko@opal.plala.or.jp,201409,,ｼﾞｪｲﾜﾝ堀内,,,
カルビ屋  店長　林　新,aratan0921@yahoo.co.jp,解約になるまで,徳島,ｼﾞｪｲﾜﾝ堀内,,,
びいどろ　桐原社長,manabu.kirihara@be-doro.co.jp,解約になるまで,島根,ｲﾝﾃｨ東,,,
Ｐｉａｔｔｏ　代表　藤元伸二,piatto20101218@gmail.com,解約になるまで,香川,ｼﾞｪｲﾜﾝ堀内,,,
ビューティアール ・チーフ　服部　達也,r.hattori@theia.ocn.ne.jp,解約になるまで,鳥取,ｼﾞｪｲﾜﾝ堀内,,,
ﾋﾞｭｰﾃｨｽﾀｼﾞｵ　K,bsk@jupiter.ocn.ne.jp,解約になるまで,大阪,ｼﾞｪｲﾜﾝ堀内,,,
ぷちサロンイブ,ckhzx608@sutv.zaq.ne.jp,解約になるまで,大阪,ｼﾞｪｲﾜﾝ平田,,,
東,higashi@inty.co.jp,,,,,,
堀内,horiuchi@jei-one.co.jp,,,,,,
梁井,naoko@yanai-tenso.com,,,,,,
塚本,nss-net@remus.dti.ne.jp,,,,,,
平田,qqrg6f339@miracle.ocn.ne.jp,,,,,,
三原,seisuke.mihara@gmail.com,,,,,,
山内,yama2154@gmail.com,,,,,,
高田,contact@rabbit-mail.jp,,,,,,
山本,yuka_to_875@ybb.ne.jp,,,,,,
松浦(ｼﾞｪｲﾜﾝ）,newsletter@jei-one.co.jp,,,,,,
奥村,tomomi.okumura14@gmail.com,,,,,,
松田珈奈,kana-matsuda@at-it.jp,,,,,,
有限会社ﾌﾞﾙｰﾑｼｪﾚｰﾇ,aoki1138@yahoo.co.jp,201409,兵庫,ｼﾞｪｲﾜﾝ堀内,,,
CHEREINE　ｴｺｰﾙﾘﾗ店,chereine-biyo@be-it.co.jp,201409,兵庫,ｼﾞｪｲﾜﾝ堀内,,,
CHEREINE　イオン三木店,chereine-miki@be-it.co.jp,201409,兵庫,ｼﾞｪｲﾜﾝ堀内,,,
ﾍｱｰﾒｲｸ　ブルーム,bloom-chereine@hotmail.co.jp,201409,兵庫,ｼﾞｪｲﾜﾝ堀内,,,
美容室ｉｚｕＭｉ,m02oiuf905@wi.kualnet.jp,201409,兵庫,ｼﾞｪｲﾜﾝ堀内,,,
LOHAS　HAIR　SALON　BEL,lohas.hair.salon.bel@gmail.com,201409,兵庫,ｼﾞｪｲﾜﾝ堀内,,,
